,NAME,POPULATION,MALE,FEMALE
0,Mumbai Suburban,9356962.0,5031323.0,4325639.0
1,Bangalore,8749944.0,4558405.0,4191539.0
2,Thane,8514678.0,4564942.0,3949736.0
3,Ahmadabad,6063047.0,3192468.0,2870579.0
4,Pune,5751182.0,3020665.0,2730517.0
5,North Twenty Four Parganas,5732162.0,2922835.0,2809327.0
6,Surat,4849213.0,2762164.0,2087049.0
7,Chennai,4646732.0,2335844.0,2310888.0
8,Kolkata,4496694.0,2356766.0,2139928.0
9,Hyderabad,3943323.0,2018575.0,1924748.0
10,Rangareddy,3719172.0,1899995.0,1819177.0
11,Jaipur,3471847.0,1825583.0,1646264.0
12,North West,3442589.0,1845242.0,1597347.0
13,Nagpur,3178759.0,1626618.0,1552141.0
14,Ghaziabad,3162547.0,1680612.0,1481935.0
15,Mumbai,3085411.0,1684608.0,1400803.0
16,Barddhaman ,3078299.0,1593102.0,1485197.0
17,Haora ,3074144.0,1591300.0,1482844.0
18,Lucknow,3038996.0,1580724.0,1458272.0
19,Kanpur Nagar,3015645.0,1622546.0,1393099.0
20,South,2719736.0,1460609.0,1259127.0
21,Coimbatore,2618940.0,1310265.0,1308675.0
22,Nashik,2597373.0,1352474.0,1244899.0
23,Kancheepuram,2538336.0,1277979.0,1260357.0
24,West,2536823.0,1352885.0,1183938.0
25,Patna,2514590.0,1332487.0,1182103.0
26,Thiruvallur,2428395.0,1225600.0,1202795.0
27,Indore,2427709.0,1262872.0,1164837.0
28,Ernakulam,2234363.0,1101047.0,1133316.0
29,North East,2220097.0,1176707.0,1043390.0
30,Rajkot,2214050.0,1158181.0,1055869.0
31,South West,2149282.0,1168704.0,980578.0
32,Hugli ,2128499.0,1091708.0,1036791.0
33,Thrissur,2096406.0,992460.0,1103946.0
34,South Twenty Four Parganas,2087773.0,1064559.0,1023214.0
35,Kozhikode,2072572.0,986158.0,1086414.0
36,Ludhiana,2069708.0,1114372.0,955336.0
37,Vadodara,2065771.0,1075793.0,989978.0
38,Visakhapatnam,2035922.0,1025676.0,1010246.0
39,Agra,2024195.0,1079769.0,944426.0
40,Bhopal,1917051.0,998105.0,918946.0
41,Madurai,1846801.0,925228.0,921573.0
42,Krishna,1843660.0,923841.0,919819.0
43,Malappuram,1817211.0,865020.0,952191.0
44,Salem,1774122.0,898297.0,875825.0
45,Thiruvananthapuram,1771596.0,856814.0,914782.0
46,Meerut,1759182.0,930823.0,828359.0
47,East,1705816.0,905639.0,800177.0
48,Vellore,1701987.0,844587.0,857400.0
49,Guntur,1652738.0,819030.0,833708.0
50,Kannur,1640986.0,755764.0,885222.0
51,Varanasi,1597051.0,845331.0,751720.0
52,Moradabad,1573623.0,823164.0,750459.0
53,Bareilly,1568409.0,827309.0,741100.0
54,Dhanbad,1560394.0,824000.0,736394.0
55,Kanniyakumari,1539802.0,761407.0,778395.0
56,Tiruppur,1521111.0,766850.0,754261.0
57,Tirunelveli ,1520229.0,752184.0,768045.0
58,Raipur,1483289.0,759619.0,723670.0
59,Allahabad,1472873.0,790848.0,682025.0
60,Jabalpur,1440034.0,750247.0,689787.0
61,Nadia ,1438873.0,732656.0,706217.0
62,Faridabad,1438855.0,768007.0,670848.0
63,Murshidabad ,1400692.0,709742.0,690950.0
64,Solapur,1399091.0,709509.0,689582.0
65,Jalgaon,1342711.0,696851.0,645860.0
66,Tiruchirappalli,1338033.0,663732.0,674301.0
67,Amritsar ,1334611.0,711142.0,623469.0
68,East Godavari,1313972.0,647395.0,666577.0
69,Durg,1284765.0,655949.0,628816.0
70,Purbi Singhbhum,1274591.0,662404.0,612187.0
71,Gwalior,1273792.0,680978.0,592814.0
72,Jodhpur,1264614.0,663600.0,601014.0
73,Ranchi,1257335.0,654409.0,602926.0
74,Mysore,1245413.0,624100.0,621313.0
75,Chittoor,1231386.0,616152.0,615234.0
76,Kolhapur,1230009.0,631843.0,598166.0
77,Srinagar,1219516.0,642208.0,577308.0
78,Aligarh,1217191.0,643073.0,574118.0
79,Belgaum,1211195.0,611969.0,599226.0
80,Muzaffarnagar,1191312.0,628430.0,562882.0
81,Kollam,1187158.0,566281.0,620877.0
82,Bhavnagar,1182401.0,621368.0,561033.0
83,Kota,1176604.0,619830.0,556774.0
84,Jalandhar,1161171.0,616421.0,544750.0
85,Erode,1157976.0,577475.0,580501.0
86,Kurnool,1149286.0,574658.0,574628.0
87,Alappuzha,1148146.0,548429.0,599717.0
88,Anantapur,1145711.0,575338.0,570373.0
89,Khordha ,1084316.0,571328.0,512988.0
90,Saharanpur,1066526.0,564303.0,502223.0
91,Jalpaiguri ,1060351.0,545778.0,514573.0
92,Dharwad,1049539.0,527790.0,521749.0
93,Gurgaon,1042253.0,565228.0,477025.0
94,Amravati,1037287.0,530135.0,507152.0
95,Kamrup Metropolitan,1037011.0,536523.0,500488.0
96,Ajmer,1035410.0,534688.0,500722.0
97,Chandigarh,1026459.0,563513.0,462946.0
98,Dakshina Kannada,996086.0,493230.0,502856.0
99,Warangal,992333.0,498687.0,493646.0
100,Bokaro,983644.0,517853.0,465791.0
101,Virudhunagar,980226.0,487349.0,492877.0
102,Y.S.R.,979132.0,492084.0,487048.0
103,Gautam Buddha Nagar,974309.0,530609.0,443700.0
104,Jamnagar,971065.0,504104.0,466961.0
105,Karimnagar,951225.0,478850.0,472375.0
106,Dehradun,941941.0,499308.0,442633.0
107,Bijnor,925312.0,482803.0,442509.0
108,Bellary,920239.0,462861.0,457378.0
109,Nanded,913898.0,471915.0,441983.0
110,Ahmadnagar,912617.0,469918.0,442699.0
111,Junagadh,906412.0,464085.0,442327.0
112,Cuddalore,885189.0,442836.0,442353.0
113,Thoothukkudi,876802.0,434660.0,442142.0
114,North,870232.0,465456.0,404776.0
115,Bulandshahr ,867429.0,454770.0,412659.0
116,Sri Potti Sriramulu Nellore,857630.0,432164.0,425466.0
117,Thanjavur,851359.0,417239.0,434120.0
118,Gorakhpur,836129.0,439051.0,397078.0
119,Gulbarga,835551.0,424611.0,410940.0
120,Jhansi,833484.0,441807.0,391677.0
121,Firozabad,833169.0,440174.0,392995.0
122,West Godavari,808777.0,397905.0,410872.0
123,Dindigul,808040.0,402333.0,405707.0
124,Bikaner,800384.0,419367.0,381017.0
125,Ujjain,779213.0,399936.0,379277.0
126,Chandrapur,775378.0,397728.0,377650.0
127,Ganjam,768001.0,395582.0,372419.0
128,Jammu,765013.0,412218.0,352795.0
129,Patiala,763280.0,403722.0,359558.0
130,Adilabad,760259.0,384294.0,375965.0
131,Mathura,755993.0,405097.0,350896.0
132,Sundargarh,738097.0,385079.0,353018.0
133,Cuttack,736047.0,381875.0,354172.0
134,Kachchh,728535.0,383213.0,345322.0
135,Darjiling ,727963.0,370294.0,357669.0
136,Medak,727871.0,370224.0,357647.0
137,Paschim Medinipur,722686.0,366164.0,356522.0
138,Akola,719741.0,368401.0,351340.0
139,Sangli,719357.0,364604.0,354753.0
140,Sagar,708796.0,372124.0,336672.0
141,Namakkal   ,696125.0,348596.0,347529.0
142,Hardwar,693094.0,371511.0,321583.0
143,West Tripura ,677638.0,342708.0,334930.0
144,Palakkad,676810.0,328012.0,348798.0
145,Theni  ,670481.0,334803.0,335678.0
146,Prakasam,664582.0,332123.0,332459.0
147,Nalgonda,662507.0,332056.0,330451.0
148,Gurdaspur,659319.0,356833.0,302486.0
149,Puducherry,657209.0,323489.0,333720.0
150,Khammam,655911.0,324207.0,331704.0
151,Alwar,654451.0,349518.0,304933.0
152,Budaun,644595.0,337383.0,307212.0
153,Nagaur,637204.0,327554.0,309650.0
154,Valsad,635501.0,344578.0,290923.0
155,Anand  ,634987.0,328725.0,306262.0
156,Sikar,633906.0,327521.0,306385.0
157,Davanagere,629010.0,318133.0,310877.0
158,Latur,624980.0,323433.0,301547.0
159,Shimoga,623727.0,311594.0,312133.0
160,Udaipur,608426.0,315485.0,292941.0
161,Mahbubnagar,607692.0,307948.0,299744.0
162,Bhagalpur,602532.0,320277.0,282255.0
163,Gandhinagar,600627.0,315428.0,285199.0
164,Tumkur,599078.0,301884.0,297194.0
165,Yavatmal,598153.0,304817.0,293336.0
166,Bagalkot ,597846.0,299844.0,298002.0
167,Shahjahanpur,594092.0,312689.0,281403.0
168,Purba Medinipur,592714.0,307272.0,285442.0
169,Rampur,588647.0,307011.0,281636.0
170,Nizamabad,588372.0,291804.0,296568.0
171,Udham Singh Nagar,586760.0,308313.0,278447.0
172,Central,582320.0,307821.0,274499.0
173,Gaya,581601.0,305974.0,275627.0
174,Churu,576235.0,296418.0,279817.0
175,Dhule,571036.0,295115.0,275921.0
176,Satara,570378.0,291093.0,279285.0
177,Begusarai,569823.0,301352.0,268471.0
178,Parbhani,569806.0,290984.0,278822.0
179,Kottayam,565393.0,275616.0,289777.0
180,Panipat,555085.0,297215.0,257870.0
181,Hisar,553488.0,297423.0,256065.0
182,Firozpur,552556.0,295429.0,257127.0
183,Buldana,548860.0,282318.0,266542.0
184,Sahibzada Ajit Singh Nagar,544611.0,288269.0,256342.0
185,Hardoi,541806.0,285295.0,256511.0
186,Maldah ,541660.0,283205.0,258455.0
187,Ganganagar ,535432.0,285071.0,250361.0
188,Unnao,531646.0,278190.0,253456.0
189,Sitapur,530784.0,277141.0,253643.0
190,Bharuch,524959.0,276314.0,248645.0
191,Kheda,523609.0,270530.0,253079.0
192,Viluppuram,519088.0,259344.0,259744.0
193,Sangrur,515965.0,273376.0,242589.0
194,Mahesana,514330.0,269345.0,244985.0
195,Bid,514298.0,266128.0,248170.0
196,Bhilwara,512654.0,265358.0,247296.0
197,Kasaragod,509047.0,240897.0,268150.0
198,Chhindwara,505183.0,258269.0,246914.0
199,Ambala,500774.0,267000.0,233774.0
200,Bathinda,499217.0,268713.0,230504.0
201,Mau,499208.0,255866.0,243342.0
202,Surendranagar,496916.0,260442.0,236474.0
203,Bharatpur,495099.0,262369.0,232730.0
204,Tiruvannamalai,494945.0,246163.0,248782.0
205,North Goa,493081.0,252769.0,240312.0
206,Vizianagaram,490911.0,241049.0,249862.0
207,Raichur,490348.0,246539.0,243809.0
208,Jhunjhunun,489079.0,253178.0,235901.0
209,Kolar,480073.0,240965.0,239108.0
210,Satna,474418.0,249591.0,224827.0
211,Muzaffarpur,473437.0,250685.0,222752.0
212,Yamunanagar,472829.0,252761.0,220068.0
213,Morena,470462.0,253199.0,217263.0
214,Kheri,461035.0,242508.0,218527.0
215,Pali,460006.0,237863.0,222143.0
216,Jyotiba Phule Nagar,458713.0,238910.0,219803.0
217,Nalanda,457894.0,239332.0,218562.0
218,Karnal,454810.0,240602.0,214208.0
219,Sonipat,453364.0,242549.0,210815.0
220,Dewas,451759.0,233639.0,218120.0
221,Birbhum,449448.0,228944.0,220504.0
222,Korba ,446290.0,231491.0,214799.0
223,Rohtak,446164.0,236445.0,209719.0
224,Srikakulam,436703.0,214850.0,221853.0
225,The Nilgiris,435655.0,214234.0,221421.0
226,Ratlam,435031.0,221773.0,213258.0
227,Karur ,434517.0,215556.0,218961.0
228,Bhind,432922.0,232087.0,200835.0
229,Krishnagiri,428363.0,217788.0,210575.0
230,Rohtas,427765.0,225270.0,202495.0
231,Bidar,425952.0,219415.0,206537.0
232,Wardha,423300.0,216511.0,206789.0
233,Uttara Kannada,418981.0,211346.0,207635.0
234,Ramgarh,418955.0,222063.0,196892.0
235,Jalaun ,418900.0,222436.0,196464.0
236,Farrukhabad,416185.0,220939.0,195246.0
237,Banas Kantha,414915.0,216638.0,198277.0
238,South Goa,413733.0,210935.0,202798.0
239,Dhar,413221.0,217612.0,195609.0
240,Sivaganga,412845.0,206462.0,206383.0
241,Ramanathapuram,410699.0,208150.0,202549.0
242,Navsari  ,409137.0,213416.0,195721.0
243,Purba Champaran,401343.0,213028.0,188315.0
244,Chhatarpur,399016.0,210848.0,188168.0
245,Rewa,395785.0,207261.0,188524.0
246,Azamgarh,393401.0,202297.0,191104.0
247,Pashchim Champaran,393165.0,207301.0,185864.0
248,Hoshangabad,389986.0,203663.0,186323.0
249,Bhojpur,389861.0,206106.0,183755.0
250,Amreli,386635.0,198495.0,188140.0
251,Darbhanga,383328.0,201404.0,181924.0
252,Munger,380120.0,201742.0,178378.0
253,Gadag,379309.0,189562.0,189747.0
254,Jalna,377429.0,194194.0,183235.0
255,Hassan,376763.0,188084.0,188679.0
256,Puruliya,373314.0,192788.0,180526.0
257,Nainital,371734.0,194409.0,177325.0
258,Nagaon,369534.0,188127.0,181407.0
259,East Khasi Hills,366481.0,182340.0,184141.0
260,Etawah,366299.0,193116.0,173183.0
261,Nagapattinam  ,364624.0,178758.0,185866.0
262,Sabar Kantha,363720.0,188090.0,175630.0
263,Uttar Dinajpur,362228.0,188597.0,173631.0
264,Haveri,355501.0,180678.0,174823.0
265,Saran,353202.0,184702.0,168500.0
266,Pilibhit,351415.0,185213.0,166202.0
267,Hanumangarh,350464.0,184297.0,166167.0
268,Mirzapur,347567.0,185164.0,162403.0
269,Jaunpur,346580.0,179248.0,167332.0
270,Purnia,343005.0,179848.0,163157.0
271,Faizabad,340253.0,180371.0,159882.0
272,Vidisha,339618.0,177606.0,162012.0
273,Hoshiarpur,334969.0,174587.0,160382.0
274,Panch Mahals,334827.0,173585.0,161242.0
275,Udupi,334061.0,163284.0,170777.0
276,Mahamaya Nagar,332693.0,176313.0,156380.0
277,Bara Banki,330803.0,173618.0,157185.0
278,Chitradurga,329533.0,165270.0,164263.0
279,Imphal West,322879.0,158106.0,164773.0
280,Fatehpur,321993.0,169032.0,152961.0
281,Bhiwani,321322.0,170460.0,150862.0
282,Sirsa,319248.0,168405.0,150843.0
283,Tonk,317723.0,160091.0,157632.0
284,Deoria,316803.0,164325.0,152478.0
285,Pudukkottai,316354.0,157683.0,158671.0
286,Cachar,315464.0,159201.0,156263.0
287,Aizawl,314754.0,155490.0,159264.0
288,Sonbhadra,314342.0,167999.0,146343.0
289,Panchkula,313230.0,166526.0,146704.0
290,Guna,312675.0,163235.0,149440.0
291,Betul,309151.0,158878.0,150273.0
292,Mandya,308362.0,153842.0,154520.0
293,Sambalpur,308093.0,158185.0,149908.0
294,Rae Bareli,307995.0,160093.0,147902.0
295,Jind,305583.0,162487.0,143096.0
296,Ballia,304109.0,158884.0,145225.0
297,Raisen,303425.0,160398.0,143027.0
298,Bankura ,299773.0,152318.0,147455.0
299,Khargone (West Nimar),298856.0,153725.0,145131.0
300,Shivpuri,295423.0,156241.0,139182.0
301,Shajapur,293548.0,151247.0,142301.0
302,Koch Bihar ,289434.0,146626.0,142808.0
303,Mainpuri,288442.0,151003.0,137439.0
304,Kanshiram Nagar,288207.0,151609.0,136598.0
305,Porbandar ,285674.0,146949.0,138725.0
306,Chittaurgarh,285264.0,146756.0,138508.0
307,Bahraich,284044.0,148762.0,135282.0
308,Anantnag,282887.0,148755.0,134132.0
309,Kapurthala ,282462.0,150379.0,132083.0
310,Chikkaballapura,281119.0,141974.0,139145.0
311,Patan  ,281081.0,146073.0,135008.0
312,Osmanabad,281057.0,145298.0,135759.0
313,Kannauj,280841.0,147531.0,133310.0
314,Ambedkar Nagar,280730.0,144648.0,136082.0
315,Kurukshetra,279225.0,149956.0,129269.0
316,Mandsaur,277604.0,141864.0,135740.0
317,Rajgarh,276457.0,141805.0,134652.0
318,Banda,275755.0,146633.0,129122.0
319,Nandurbar,275474.0,145499.0,129975.0
320,Hazaribagh,275307.0,143947.0,131360.0
321,Baghpat,275025.0,146263.0,128762.0
322,Ghazipur,274360.0,143424.0,130936.0
323,Katihar,273822.0,144686.0,129136.0
324,Rajnandgaon,272512.0,136643.0,135869.0
325,Bangalore Rural,268744.0,137803.0,130941.0
326,Etah,268142.0,141750.0,126392.0
327,Ramanagara,267759.0,135570.0,132189.0
328,Sawai Madhopur,266467.0,139439.0,127028.0
329,Puri,264930.0,137167.0,127763.0
330,Tinsukia,264743.0,138836.0,125907.0
331,Ratnagiri,263723.0,130908.0,132815.0
332,Katni ,263543.0,136825.0,126718.0
333,Dharmapuri,260912.0,131088.0,129824.0
334,Burhanpur,260287.0,133526.0,126761.0
335,Khandwa (East Nimar),259436.0,133146.0,126290.0
336,Saraikela-Kharsawan,258746.0,135563.0,123183.0
337,Deoghar,258361.0,136886.0,121475.0
338,Thiruvarur,257795.0,126739.0,131056.0
339,Baran,254214.0,131717.0,122497.0
340,Baleshwar,253293.0,129321.0,123972.0
341,Kendujhar,253059.0,131820.0,121239.0
342,Muktsar,252191.0,133420.0,118771.0
343,Damoh,250551.0,131402.0,119149.0
344,Tikamgarh,249873.0,130878.0,118995.0
345,Sehore,248462.0,129107.0,119355.0
346,Dhaulpur,247450.0,132717.0,114733.0
347,Raigarh,246302.0,126461.0,119841.0
348,Neemuch ,245230.0,127640.0,117590.0
349,Balaghat,244816.0,122384.0,122432.0
350,Dibrugarh,243730.0,126135.0,117595.0
351,Jhajjar,243339.0,130448.0,112891.0
352,Surguja,242921.0,125221.0,117700.0
353,Chandauli,242553.0,127275.0,115278.0
354,Chikmagalur,239508.0,119077.0,120431.0
355,Aurangabad,236854.0,124065.0,112789.0
356,Palwal ,236544.0,125590.0,110954.0
357,Dakshin Dinajpur,236295.0,119428.0,116867.0
358,Kaithal,236011.0,125072.0,110939.0
359,Auraiya,234222.0,123546.0,110676.0
360,Bhandara,233831.0,118036.0,115795.0
361,Koppal,233704.0,116968.0,116736.0
362,Rewari,233430.0,124625.0,108805.0
363,Vaishali,233079.0,123314.0,109765.0
364,Jharsuguda,231165.0,120528.0,110637.0
365,Sant Ravidas Nagar (Bhadohi),229302.0,120510.0,108792.0
366,Jhalawar,229291.0,118610.0,110681.0
367,Moga,227246.0,120216.0,107030.0
368,Singrauli,226786.0,120313.0,106473.0
369,Koraput,226169.0,115038.0,111131.0
370,Palamu,226003.0,118751.0,107252.0
371,Gondiya,225930.0,113620.0,112310.0
372,Janjgir - Champa,225061.0,114316.0,110745.0
373,Gonda,225029.0,118088.0,106941.0
374,Bundi,222701.0,115426.0,107275.0
375,Yadgir,220677.0,111251.0,109426.0
376,Jorhat,220534.0,113837.0,106697.0
377,Shahdol,219600.0,113438.0,106162.0
378,Karauli,218105.0,115454.0,102651.0
379,Pashchimi Singhbhum,218034.0,111728.0,106306.0
380,Faridkot,217051.0,115889.0,101162.0
381,Nawada,215579.0,113012.0,102567.0
382,Washim,211413.0,108575.0,102838.0
383,Sirohi,208654.0,109979.0,98675.0
384,Giridih,208024.0,108490.0,99534.0
385,Anugul  ,206546.0,109333.0,97213.0
386,Koriya,205299.0,106399.0,98900.0
387,Anuppur,205241.0,107084.0,98157.0
388,Barwani ,204069.0,104433.0,99636.0
389,Dhubri,203701.0,103934.0,99767.0
390,Narsimhapur,203540.0,106111.0,97429.0
391,Dausa,201793.0,105887.0,95906.0
392,Shimla,201351.0,110744.0,90607.0
393,Sultanpur,199916.0,104090.0,95826.0
394,Dimapur ,197869.0,103959.0,93910.0
395,Balangir,197381.0,101327.0,96054.0
396,Bastar,193494.0,97835.0,95659.0
397,Mayurbhanj,192896.0,98637.0,94259.0
398,Dohad  ,191625.0,97688.0,93937.0
399,Barnala,190685.0,102312.0,88373.0
400,Sitamarhi,190498.0,101567.0,88931.0
401,Bhadrak,185838.0,95005.0,90833.0
402,Fatehgarh Sahib,185482.0,100745.0,84737.0
403,Mahoba,185381.0,98349.0,87032.0
404,Rajsamand,183820.0,94379.0,89441.0
405,Imphal East,183207.0,89305.0,93902.0
406,Siwan,182913.0,95405.0,87508.0
407,Baramula,182500.0,102334.0,80166.0
408,Datia,181982.0,96191.0,85791.0
409,Barmer,181837.0,95773.0,86064.0
410,Fatehabad,179588.0,94546.0,85042.0
411,Hingoli,178733.0,91864.0,86869.0
412,Rupnagar,177807.0,93396.0,84411.0
413,Lalitpur,175378.0,91533.0,83845.0
414,Chamarajanagar,174974.0,87347.0,87627.0
415,Sonitpur,173845.0,88919.0,84926.0
416,Kanpur Dehat,173423.0,91747.0,81676.0
417,Araria,168777.0,89079.0,79698.0
418,Kushinagar,168107.0,87678.0,80429.0
419,Balrampur,166391.0,86778.0,79613.0
420,Buxar,164499.0,86891.0,77608.0
421,Seoni,163890.0,83565.0,80325.0
422,Mansa,163604.0,86548.0,77056.0
423,Gopalganj,162805.0,82699.0,80106.0
424,Madhubani,161495.0,85026.0,76469.0
425,Kishanganj,161123.0,83652.0,77471.0
426,Siddharthnagar,160691.0,82954.0,77737.0
427,Dadra & Nagar Haveli,160595.0,95455.0,65140.0
428,Sahibganj,159666.0,83499.0,76167.0
429,Daman,158860.0,106292.0,52568.0
430,Saharsa,156540.0,83291.0,73249.0
431,Ashoknagar,153684.0,80426.0,73258.0
432,Jalor,151755.0,79015.0,72740.0
433,Thoubal,151333.0,75375.0,75958.0
434,Bargarh,150110.0,76558.0,73552.0
435,Dhamtari ,149195.0,74477.0,74718.0
436,Samastipur,147797.0,77730.0,70067.0
437,Barpeta,147353.0,75215.0,72138.0
438,Rayagada  ,146966.0,74186.0,72780.0
439,Jamui,145333.0,76288.0,69045.0
440,Lakhisarai,143011.0,75482.0,67529.0
441,Kamrup,142394.0,72321.0,70073.0
442,New Delhi,142004.0,77942.0,64062.0
443,Tarn Taran,141795.0,75047.0,66748.0
444,Kodarma,141246.0,73627.0,67619.0
445,South Andaman,140747.0,75180.0,65567.0
446,Basti,138097.0,72426.0,65671.0
447,Goalpara,138062.0,70048.0,68014.0
448,Jehanabad ,135196.0,71428.0,63768.0
449,Jajapur  ,135097.0,69495.0,65602.0
450,Mahrajganj,134730.0,69628.0,65102.0
451,Mahendragarh,132855.0,70307.0,62548.0
452,Pathanamthitta,131613.0,61896.0,69717.0
453,Mandla,130189.0,66121.0,64068.0
454,Sant Kabir Nagar,128531.0,67047.0,61484.0
455,Banswara,127621.0,64987.0,62634.0
456,Shahid Bhagat Singh Nagar ,125416.0,65173.0,60243.0
457,Panna,125335.0,66007.0,59328.0
458,Kaushambi,124456.0,65150.0,59306.0
459,Mewat ,124106.0,65076.0,59030.0
460,South Tripura ,123031.0,62757.0,60274.0
461,East District,122487.0,64285.0,58202.0
462,Kalahandi,121987.0,62455.0,59532.0
463,Kohima,121088.0,62597.0,58491.0
464,North Tripura,120285.0,60967.0,59318.0
465,Mahasamund,120152.0,60276.0,59876.0
466,Harda ,119364.0,61526.0,57838.0
467,Gadchiroli,118033.0,60038.0,57995.0
468,Dhenkanal,117506.0,61267.0,56239.0
469,Jagatsinghapur ,115980.0,61052.0,54928.0
470,Karbi Anglong,112966.0,58243.0,54723.0
471,Garhwal,112703.0,58800.0,53903.0
472,Umaria,110544.0,57610.0,52934.0
473,Sivasagar,110096.0,57930.0,52166.0
474,Bongaigaon,109810.0,56032.0,53778.0
475,Karimganj,109700.0,55354.0,54346.0
476,Sheikhpura,109002.0,57383.0,51619.0
477,Udhampur,108208.0,63810.0,44398.0
478,Sheopur ,107352.0,56424.0,50928.0
479,Sindhudurg,107006.0,54064.0,52942.0
480,Supaul,105558.0,55788.0,49770.0
481,Kupwara,104729.0,62152.0,42577.0
482,Solan,102147.0,59018.0,43129.0
483,Karaikal,98102.0,47671.0,50431.0
484,Badgam,97912.0,54656.0,43256.0
485,Golaghat,97736.0,50036.0,47700.0
486,Perambalur  ,97163.0,48231.0,48932.0
487,Papum Pare,96963.0,49247.0,47716.0
488,Chitrakoot,96332.0,50927.0,45405.0
489,Dakshin Bastar Dantewada,96233.0,50212.0,46021.0
490,Sidhi,93121.0,48534.0,44587.0
491,Jhabua,91983.0,47555.0,44428.0
492,Lakhimpur,91333.0,47092.0,44241.0
493,Dumka,90178.0,47586.0,42592.0
494,Kathua,89713.0,47983.0,41730.0
495,Jaisalmer,89025.0,49261.0,39764.0
496,Dungarpur,88743.0,45486.0,43257.0
497,Madhepura,88461.0,46799.0,41662.0
498,Nabarangapur ,87625.0,44041.0,43584.0
499,Bishnupur,87505.0,43611.0,43894.0
500,Kabeerdham,87395.0,44117.0,43278.0
501,Khagaria,87159.0,46505.0,40654.0
502,Kangra,86281.0,45226.0,41055.0
503,Ariyalur  ,83794.0,41450.0,42344.0
504,Kendrapara ,83534.0,42761.0,40773.0
505,Nalbari,82730.0,42329.0,40401.0
506,Kodagu,80988.0,40447.0,40541.0
507,Kulgam,80613.0,42046.0,38567.0
508,Pulwama,80462.0,44968.0,35494.0
509,Nayagarh  ,79738.0,41617.0,38121.0
510,Tapi,79487.0,40640.0,38847.0
511,Uttar Bastar Kanker,76761.0,38189.0,38572.0
512,Jashpur ,75992.0,38440.0,37552.0
513,Jamtara,75746.0,39787.0,35959.0
514,West Garo Hills,74858.0,37236.0,37622.0
515,Morigaon,73298.0,37528.0,35770.0
516,Kandhamal,72279.0,36422.0,35857.0
517,Pratapgarh,71807.0,36573.0,35234.0
518,Banka,71313.0,38043.0,33270.0
519,Gajapati,70666.0,35227.0,35439.0
520,Tehri Garhwal,70139.0,38605.0,31534.0
521,Garhwa ,69670.0,36628.0,33042.0
522,Pithoragarh,69605.0,36376.0,33229.0
523,Lunglei,68752.0,35314.0,33438.0
524,Pakur,67512.0,34410.0,33102.0
525,Kaimur (Bhabua),65571.0,34708.0,30863.0
526,Bandipore,65361.0,35417.0,29944.0
527,Gumla,65081.0,33255.0,31826.0
528,Godda,64419.0,34020.0,30399.0
529,Chatra,62954.0,33724.0,29230.0
530,Mandi,62637.0,32015.0,30622.0
531,Dima Hasao,62489.0,32985.0,29504.0
532,Almora,62314.0,33722.0,28592.0
533,Narmada,61872.0,31678.0,30194.0
534,Chamoli,59396.0,33622.0,25774.0
535,Lohardaga,57411.0,29374.0,28037.0
536,Sirmaur,57165.0,30114.0,27051.0
537,Alirajpur,57074.0,28949.0,28125.0
538,Mokokchung,55725.0,29719.0,26006.0
539,Yanam,55626.0,27301.0,28325.0
540,Darrang,55494.0,28813.0,26681.0
541,Kokrajhar,54941.0,28459.0,26482.0
542,Samba,53615.0,29759.0,23856.0
543,Rajouri,52314.0,34603.0,17711.0
544,Idukki ,52045.0,25563.0,26482.0
545,Latehar,51858.0,27100.0,24758.0
546,Arwal,51849.0,27077.0,24772.0
547,Lakshadweep,50332.0,25880.0,24452.0
548,Subarnapur,49941.0,25678.0,24263.0
549,Malkangiri  ,49528.0,25723.0,23805.0
550,Champhai,48529.0,24278.0,24251.0
551,Dhemaji,48285.0,24971.0,23314.0
552,Hailakandi,48140.0,24143.0,23997.0
553,Ganderbal,47039.0,25005.0,22034.0
554,Kolasib,46878.0,23821.0,23057.0
555,Leh(Ladakh),45671.0,30560.0,15111.0
556,Khunti,44982.0,22841.0,22141.0
557,Una,44913.0,23438.0,21475.0
558,East Garo Hills,44192.0,22460.0,21732.0
559,West Khasi Hills,43105.0,21335.0,21770.0
560,Simdega,42944.0,21884.0,21060.0
561,Mahe,41816.0,19143.0,22673.0
562,Kullu,41391.0,22183.0,19208.0
563,Dhalai,40499.0,20771.0,19728.0
564,Shrawasti,38649.0,20216.0,18433.0
565,Punch,38630.0,22125.0,16505.0
566,Champawat,38343.0,20283.0,18060.0
567,Udalguri,37574.0,19175.0,18399.0
568,Tuensang,36774.0,19471.0,17303.0
569,Chamba,36108.0,19357.0,16751.0
570,Chirang,35337.0,17965.0,17372.0
571,Wokha,35004.0,18070.0,16934.0
572,Mon,34444.0,18284.0,16160.0
573,Nuapada,34054.0,17170.0,16884.0
574,Doda,32689.0,18211.0,14478.0
575,Lohit,32430.0,17230.0,15200.0
576,Dindori ,32318.0,16520.0,15798.0
577,Serchhip,32019.0,16208.0,15811.0
578,Wayanad,31580.0,15401.0,16179.0
579,Hamirpur,31430.0,16322.0,15108.0
580,Bijapur,29600.0,15319.0,14281.0
581,Jaintia Hills,28430.0,13675.0,14755.0
582,Sheohar,28116.0,14881.0,13235.0
583,East Siang,27635.0,13969.0,13666.0
584,Zunheboto,27597.0,14431.0,13166.0
585,Ukhrul,27187.0,13917.0,13270.0
586,Reasi,26996.0,14980.0,12016.0
587,Ribhoi,25253.0,13826.0,11427.0
588,Bilaspur,25129.0,13111.0,12018.0
589,Saiha,25110.0,12741.0,12369.0
590,West Siang,24968.0,13481.0,11487.0
591,The Dangs,24687.0,12111.0,12576.0
592,Phek,24575.0,13214.0,11361.0
593,Uttarkashi,24305.0,13222.0,11083.0
594,Diu,23991.0,11614.0,12377.0
595,Debagarh,22390.0,11564.0,10826.0
596,Narayanpur,22106.0,11451.0,10655.0
597,South District,21199.0,10822.0,10377.0
598,Lawngtlai,20830.0,10659.0,10171.0
599,Tirap,20810.0,11419.0,9391.0
600,Baudh,20424.0,10492.0,9932.0
601,Tamenglong ,19363.0,9837.0,9526.0
602,Changlang,19228.0,10665.0,8563.0
603,Churachandpur,18357.0,9161.0,9196.0
604,East Kameng,18350.0,9269.0,9081.0
605,Chandel,16847.0,8670.0,8177.0
606,Kiphire,16487.0,8587.0,7900.0
607,Shupiyan,16360.0,9319.0,7041.0
608,Kargil,16338.0,10082.0,6256.0
609,West Kameng,15932.0,8346.0,7586.0
610,Mamit,14899.0,7693.0,7206.0
611,Kishtwar,14865.0,8179.0,6686.0
612,Peren,13790.0,6854.0,6936.0
613,Upper Subansiri,13405.0,6918.0,6487.0
614,South Garo Hills,13131.0,6700.0,6431.0
615,Lower Subansiri,12806.0,6383.0,6423.0
616,Baksa,12242.0,6303.0,5939.0
617,Ramban,11811.0,6815.0,4996.0
618,Lower Dibang Valley,11389.0,6064.0,5325.0
619,Tawang,11202.0,8359.0,2843.0
620,Rudraprayag,9925.0,5849.0,4076.0
621,Bageshwar,9079.0,4711.0,4368.0
622,Longleng,7613.0,3991.0,3622.0
623,Senapati,7476.0,3720.0,3756.0
624,Upper Siang,6540.0,3364.0,3176.0
625,West District,5248.0,2710.0,2538.0
626,North  District,4644.0,2456.0,2188.0
627,North  & Middle Andaman,2741.0,1404.0,1337.0
628,Dibang Valley,2384.0,1316.0,1068.0
629,Kurung Kumey,2345.0,1246.0,1099.0
630,Anjaw,982.0,625.0,357.0
